Fields classed as mixed,,
,,
Count of LCTYPE=1 means the same crop has been recorded twice for a field. Exclude for time being ,,
,,
Row Labels,Sum of AREA,Count of LCTYPE
ND/08958/63442,6,1
ND/09113/63561,4,1
ND/09844/63785,5,1
ND/10741/65770,5,1
ND/10785/65578,3,1
ND/11617/63421,10,1
ND/12126/63815,10,1
ND/12195/63469,10,1
ND/12315/63245,11,1
ND/12503/63204,5,1
ND/18962/68458,5,1
ND/19613/68209,14,1
ND/20105/66095,10,1
ND/20307/67270,3,1
ND/20418/66931,9,1
ND/20583/66669,10,1
ND/20689/66458,9,1
ND/20800/66986,10,1
ND/20918/66241,8,1
ND/20988/65909,10,1
ND/21435/67232,13,1
ND/21647/65265,13,1
ND/21878/65755,7,1
ND/22255/66898,15,1
NF/76509/51881,0,1
NF/76622/50448,1,1
NH/63747/73885,0,1
NH/67527/57199,0,1
NH/68851/65748,2,1
NH/69718/64506,4,1
NH/69859/36377,2,1
NH/70592/69599,4,1
NH/80258/92142,0,1
NJ/21464/67730,0,1
NJ/26030/49266,3,1
NJ/27071/56539,4,1
NJ/27483/45346,5,1
NJ/27532/56537,3,1
NJ/28061/44677,2,1
NJ/28078/44929,2,1
NJ/28193/45269,5,1
NJ/28218/66292,4,1
NJ/28226/44392,3,1
NJ/30431/01428,0,1
NJ/31147/38109,1,1
NJ/33399/64942,8,1
NJ/33910/65219,3,1
NJ/35078/63255,5,1
HU/35136/83022,0,2
HU/37445/13421,13,2
HU/42814/28490,0,2
HY/26280/01572,1,2
HY/33529/01688,14,2
HY/34165/13186,6,2
HY/45498/11456,2,2
HY/46036/11485,3,2
HY/53310/32475,0,2
HY/53525/00294,4,2
HY/68520/04059,2,2
HY/69000/02631,6,2
HY/75244/45308,7,2
ND/09267/63685,7,2
ND/12541/63005,12,2
ND/16547/65031,0,2
ND/21169/66277,15,2
NF/70246/69742,12,2
NF/70589/69579,11,2
NF/72654/67010,15,2
NF/73192/66392,2,2
NF/73386/19850,2,2
NF/73460/18642,2,2
NF/73541/21133,20,2
NF/74084/67113,2,2
NF/74540/35488,0,2
NF/75344/36581,2,2
NF/76510/54068,2,2
NF/76914/54138,3,2
NF/79452/56241,5,2
NF/91561/83190,2,2
NH/50646/54419,14,2
NH/51593/54524,8,2
NH/52118/55312,1,2
NH/52202/46588,4,2
NH/61498/74834,10,2
NH/62540/50744,4,2
NH/63067/73662,9,2
NH/63170/39714,2,2
NH/63389/63414,9,2
NH/63473/39886,3,2
NH/64812/42773,2,2
NH/67664/56700,12,2
NH/67768/63742,7,2
NH/68541/64339,5,2
NH/68598/70958,4,2
NH/68618/57054,18,2
NH/69866/72455,14,2
NH/72077/63866,2,2
NH/72468/63877,9,2
NH/72697/73712,6,2
NH/73402/58979,11,2
NH/74065/59282,6,2
NH/81854/54276,11,2
NH/82071/54059,17,2
NH/84273/78180,20,2
NH/84858/79660,9,2
NH/85199/79061,22,2
NH/85617/52810,5,2
NH/85671/53574,10,2
NH/87483/80358,6,2
NH/99361/58779,22,2
NJ/02920/60310,25,2
NJ/02979/61237,3,2
NJ/05017/60575,30,2
NJ/06161/60051,5,2
NJ/17263/42772,4,2
NJ/17468/43196,5,2
NJ/19131/42052,4,2
NJ/19331/42026,4,2
NJ/19513/42490,7,2
NJ/26067/32739,9,2
NJ/26337/33428,6,2
NJ/28240/66059,9,2
NJ/32167/57388,2,2
NJ/33654/64891,6,2
NJ/33744/65076,4,2
NJ/34992/62421,17,2
NJ/36338/52187,3,2
NJ/37933/56109,3,2
NJ/38438/64212,4,2
NJ/41883/51881,9,2
NJ/42206/61476,6,2
NJ/42361/51766,7,2
NJ/42381/61495,2,2
NJ/42421/64418,7,2
NJ/43587/11658,16,2
NJ/43883/11687,10,2
NJ/44062/48464,6,2
NJ/44273/47432,9,2
NJ/44349/11811,8,2
NJ/44678/11794,6,2
NJ/44722/48537,12,2
NJ/45000/48786,5,2
NJ/45289/61140,8,2
NJ/45326/49994,10,2
NJ/45825/12752,8,2
NJ/45961/12669,6,2
NJ/46068/12923,2,2
NJ/46480/12830,10,2
NJ/46611/13125,4,2
NJ/48378/35718,15,2
NJ/48699/35385,4,2
NJ/48967/66116,21,2
NJ/49233/35654,14,2
NJ/49442/53834,2,2
NJ/49446/36340,18,2
NJ/49684/35666,16,2
NJ/49918/66980,24,2
NJ/49932/37146,28,2
NJ/50093/35685,12,2
NJ/50244/38138,36,2
NJ/50288/35385,10,2
NJ/50290/37380,26,2
NJ/50307/65937,4,2
NJ/50519/36511,46,2
NJ/50575/37177,24,2
NJ/52118/24115,10,2
NJ/52382/44987,2,2
NJ/52467/24738,5,2
NJ/52519/27236,8,2
NJ/52523/25117,12,2
NJ/52553/38981,18,2
NJ/52593/30906,10,2
NJ/52657/24632,6,2
NJ/52695/38540,17,2
NJ/52838/27601,14,2
NJ/52885/27464,14,2
NJ/52913/38815,6,2
NJ/52962/35501,2,2
NJ/53038/38419,9,2
NJ/53039/36459,4,2
NJ/53091/26239,16,2
NJ/53173/35485,6,2
NJ/53456/39058,11,2
NJ/53525/38546,26,2
NJ/53594/27510,20,2
NJ/53628/07709,0,2
NJ/53630/26016,8,2
NJ/53668/38917,26,2
NJ/53739/27576,8,2
NJ/53910/27811,5,2
NJ/54061/33851,24,2
NJ/54169/33436,26,2
NJ/54330/45230,13,2
NJ/54413/33757,32,2
NJ/55993/47266,19,2
NJ/56515/65843,35,2
NJ/56612/12470,18,2
NJ/56863/38848,7,2
NJ/56975/12693,12,2
NJ/56988/13022,6,2
NJ/57009/38951,7,2
NJ/57088/19214,14,2
NJ/57093/58634,24,2
NJ/57185/38165,40,2
NJ/57202/42941,16,2
NJ/57274/43251,26,2
NJ/57430/10244,16,2
NJ/57445/42859,18,2
NJ/57470/09327,20,2
NJ/57507/14655,4,2
NJ/57559/19644,9,2
NJ/57605/10789,5,2
NJ/57695/58650,25,2
NJ/57920/42455,6,2
NJ/58157/43913,18,2
NJ/58167/18256,6,2
NJ/58489/18332,19,2
NJ/58617/58768,6,2
NJ/58686/41156,20,2
NJ/58822/09107,11,2
NJ/58842/63756,24,2
NJ/58915/18610,1,2
NJ/59072/19901,8,2
NJ/59221/16377,6,2
NJ/59431/62264,6,2
NJ/59700/20430,0,2
NJ/59926/65120,59,2
NJ/60272/28325,4,2
NJ/60360/07463,2,2
NJ/60395/64241,55,2
NJ/60419/62596,24,2
NJ/60885/62693,2,2
NJ/60991/30443,17,2
NJ/61304/61974,1,2
NJ/61362/49509,10,2
NJ/61467/61214,0,2
NJ/61509/13962,12,2
NJ/61559/48978,5,2
NJ/61607/62244,12,2
NJ/61737/49438,4,2
NJ/61856/58771,11,2
NJ/61891/61535,5,2
NJ/61964/50115,6,2
NJ/62042/62540,2,2
NJ/62206/13126,16,2
NJ/62624/14012,8,2
NJ/62874/32262,1,2
NJ/63073/31115,8,2
NJ/64280/64300,19,2
NJ/64662/60060,7,2
NJ/65252/30683,10,2
NJ/65417/62462,6,2
NJ/65593/30837,11,2
NJ/65617/62432,6,2
NJ/65822/63200,20,2
NJ/65878/56194,10,2
NJ/65885/32050,10,2
NJ/66048/62176,10,2
NJ/66345/10965,6,2
NJ/66353/11140,5,2
NJ/66872/15914,30,2
NJ/66908/11938,10,2
NJ/67412/60056,8,2
NJ/67439/60668,9,2
NJ/67647/17944,12,2
NJ/67837/16495,12,2
NJ/67919/14726,13,2
NJ/67919/17211,3,2
NJ/67981/60724,9,2
NJ/68124/14542,24,2
NJ/68221/16959,24,2
NJ/68243/15736,10,2
NJ/68295/15006,10,2
NJ/68411/14801,4,2
NJ/68507/17022,8,2
NJ/68748/16881,14,2
NJ/68846/16476,30,2
NJ/68993/17131,6,2
NJ/69129/15071,8,2
NJ/69388/20708,12,2
NJ/69473/15277,12,2
NJ/69535/15071,28,2
NJ/69699/14628,10,2
NJ/69700/33493,8,2
NJ/69748/15578,66,2
NJ/69874/13832,8,2
NJ/69964/14530,38,2
NJ/70185/16239,23,2
NJ/70281/14387,5,2
NJ/70308/32071,6,2
NJ/70336/56276,21,2
NJ/70429/14152,6,2
NJ/70511/16417,22,2
NJ/70539/14433,4,2
NJ/70577/15430,12,2
NJ/70710/14098,28,2
NJ/70736/14467,3,2
NJ/70897/32944,3,2
NJ/70908/16038,10,2
NJ/70947/16641,22,2
NJ/70983/47675,13,2
NJ/71194/48085,25,2
NJ/71301/34589,16,2
NJ/71423/16233,18,2
NJ/71436/14344,10,2
NJ/71505/35491,12,2
NJ/71747/29837,13,2
NJ/71846/35344,11,2
NJ/74235/21872,13,2
NJ/74299/45736,12,2
NJ/74348/44988,18,2
NJ/74493/16106,10,2
NJ/74823/45352,5,2
NJ/75280/25175,8,2
NJ/75911/10180,16,2
NJ/75995/25061,8,2
NJ/76022/12019,14,2
NJ/76074/09876,12,2
NJ/76137/51972,35,2
NJ/76233/09981,12,2
NJ/76566/13291,8,2
NJ/76585/12581,6,2
NJ/76690/13564,8,2
NJ/76841/12176,10,2
NJ/76843/13434,14,2
NJ/76921/03616,8,2
NJ/76938/48834,10,2
NJ/76950/03319,8,2
NJ/76977/13674,4,2
NJ/77019/12671,7,2
NJ/77069/03552,12,2
NJ/77081/51658,9,2
NJ/77115/12189,10,2
NJ/77129/02325,4,2
NJ/77177/48943,16,2
NJ/77239/02635,5,2
NJ/77247/03475,5,2
NJ/77248/48002,42,2
NJ/77310/12790,4,2
NJ/77763/04332,2,2
NJ/77810/04248,2,2
NJ/77872/04357,2,2
NJ/78007/40923,14,2
NJ/78048/48900,22,2
NJ/78075/43433,10,2
NJ/78090/41927,14,2
NJ/78133/51397,18,2
NJ/78385/17353,21,2
NJ/78442/49012,38,2
NJ/78545/59237,6,2
NJ/78800/48746,26,2
NJ/78802/23250,9,2
NJ/78985/23416,4,2
NJ/79023/50241,2,2
NJ/79126/18642,8,2
NJ/79168/19367,1,2
NJ/79175/19688,12,2
NJ/79264/45132,15,2
NJ/79404/43208,19,2
NJ/79715/45125,13,2
NJ/80051/18298,3,2
NJ/80054/17808,6,2
NJ/80152/31335,10,2
NJ/80247/05729,6,2
NJ/80515/31638,8,2
NJ/80538/05480,8,2
NJ/80627/19854,6,2
NJ/80636/31052,6,2
NJ/80680/57389,4,2
NJ/80934/18518,6,2
NJ/80987/30903,1,2
NJ/81180/31489,6,2
NJ/81191/18574,6,2
NJ/81205/19748,10,2
NJ/81217/51575,4,2
NJ/81220/32162,32,2
NJ/81330/50104,7,2
NJ/81400/32859,26,2
NJ/81636/55565,17,2
NJ/81697/66070,5,2
NJ/81841/54058,10,2
NJ/81870/33937,17,2
NJ/81878/53499,13,2
NJ/81918/53873,6,2
NJ/81942/26541,20,2
NJ/82136/16348,14,2
NJ/82234/34317,7,2
NJ/82310/30720,2,2
NJ/82382/17881,12,2
NJ/82410/65942,9,2
NJ/82425/17489,5,2
NJ/82547/54107,3,2
NJ/82611/33630,18,2
NJ/82614/40323,1,2
NJ/82900/10322,6,2
NJ/82960/53421,15,2
NJ/83160/10779,7,2
NJ/83209/50934,4,2
NJ/83227/50700,10,2
NJ/83299/10437,5,2
NJ/83382/28432,5,2
NJ/83565/51092,1,2
NJ/83575/11780,4,2
NJ/83696/11959,4,2
NJ/84062/10761,6,2
NJ/84139/29375,0,2
NJ/84284/29117,8,2
NJ/84438/07847,6,2
NJ/84581/51977,24,2
NJ/84809/48497,9,2
NJ/84902/48203,7,2
NJ/85554/52750,4,2
NJ/85597/54267,23,2
NJ/85616/52200,4,2
NJ/85873/23181,12,2
NJ/85879/53919,18,2
NJ/87060/09691,2,2
NJ/87635/10005,6,2
NJ/88015/09737,28,2
NJ/88143/10269,8,2
NJ/88260/10239,6,2
NJ/88929/28679,4,2
NJ/89469/29411,10,2
NJ/90539/51224,8,2
NJ/90586/30100,5,2
NJ/90641/51466,7,2
NJ/90911/63629,7,2
NJ/91159/64217,8,2
NJ/91333/60966,1,2
NJ/91460/60853,8,2
NJ/91725/61246,5,2
NJ/91953/61428,5,2
NJ/92072/38878,19,2
NJ/92133/48473,6,2
NJ/92516/37011,8,2
NJ/93153/50330,4,2
NJ/93221/49576,29,2
NJ/93313/49155,7,2
NJ/93521/43371,1,2
NJ/93630/23221,20,2
NJ/93761/38621,3,2
NJ/93786/22435,20,2
NJ/93808/66219,5,2
NJ/93823/41955,7,2
NJ/93978/36226,19,2
NJ/94032/65787,10,2
NJ/94084/23450,10,2
NJ/94094/23628,8,2
NJ/94163/63632,1,2
NJ/94254/23744,6,2
NJ/94267/22846,8,2
NJ/94346/35634,11,2
NJ/94377/22624,16,2
NJ/94527/43204,1,2
NJ/94528/63710,8,2
NJ/94552/34504,60,2
NJ/94555/65023,11,2
NJ/94608/64839,0,2
NJ/94616/16589,12,2
NJ/94628/22793,10,2
NJ/94958/39271,7,2
NJ/94981/13576,5,2
NJ/94989/44388,16,2
NJ/95005/44777,22,2
NJ/95225/16564,9,2
NJ/95404/16814,7,2
NJ/95602/16133,2,2
NJ/96091/38318,39,2
NJ/96225/38633,7,2
NJ/96262/23650,9,2
NJ/96565/64451,4,2
NJ/96569/38274,25,2
NJ/96603/65014,14,2
NJ/96981/24937,3,2
NJ/97069/65044,24,2
NJ/97126/65913,8,2
NJ/97292/65398,8,2
NJ/97684/20147,4,2
NJ/98089/20608,4,2
NJ/99433/64864,56,2
NJ/99926/57447,1,2
NJ/99982/57807,0,2
NK/00104/57432,2,2
NK/00183/58047,2,2
NK/01116/56645,9,2
NK/01287/57085,2,2
NK/01574/56059,10,2
NK/01756/63072,13,2
NK/01990/63294,2,2
NK/02518/43301,17,2
NK/03011/37400,20,2
NK/03061/52571,6,2
NK/03091/43619,39,2
NK/03140/52183,9,2
NK/03954/48811,0,2
NK/04027/36050,13,2
NK/04205/47159,8,2
NK/04236/34855,3,2
NK/04236/49108,0,2
NK/04249/35556,16,2
NK/04490/47344,17,2
NK/04604/49028,6,2
NK/04621/46688,22,2
NK/04892/61782,14,2
NK/04928/47352,14,2
NK/05085/47064,10,2
NK/05238/49216,5,2
NK/05248/61981,12,2
NK/05272/61837,2,2
NK/05364/48815,4,2
NK/05547/46496,21,2
NK/05549/44187,12,2
NK/05746/52590,24,2
NK/06062/44065,24,2
NK/06091/42981,27,2
NK/06141/52049,12,2
NK/07683/49114,17,2
NK/07804/48199,0,2
NK/08172/53015,10,2
NK/08491/52822,8,2
NK/08835/53267,6,2
NN/63888/00117,10,2
NN/67395/39544,6,2
NN/71318/00629,15,2
NN/81323/48331,5,2
NN/83202/20911,6,2
NN/83394/21028,6,2
NN/83661/20568,10,2
NN/88728/18569,1,2
NN/88760/20065,10,2
NN/89095/18986,14,2
NN/89522/19396,9,2
NN/92579/12288,15,2
NN/94323/28699,8,2
NN/94771/17841,7,2
NN/95004/14123,6,2
NN/95342/29796,14,2
NN/95396/17111,12,2
NN/95438/13967,6,2
NN/95725/18236,20,2
NN/95773/18685,2,2
NN/96113/19435,5,2
NN/96115/19105,15,2
NN/96566/18283,4,2
NN/96664/19175,15,2
NN/98291/17586,9,2
NN/98442/18537,7,2
NN/98512/18081,1,2
NO/03894/16011,12,2
NO/03971/31748,0,2
NO/04066/31469,10,2
NO/04446/31552,8,2
NO/08556/00521,7,2
NO/08932/00334,6,2
NO/09215/41064,8,2
NO/09345/41373,10,2
NO/09460/21144,5,2
NO/09518/41018,15,2
NO/09728/40626,12,2
NO/09831/42344,2,2
NO/10086/41538,2,2
NO/10731/39528,17,2
NO/11333/39053,13,2
NO/11883/42904,27,2
NO/12859/36650,12,2
NO/13497/36176,9,2
NO/13681/07850,6,2
NO/13771/08510,10,2
NO/13794/16047,14,2
NO/14183/16006,5,2
NO/14282/08864,3,2
NO/14297/39440,8,2
NO/14334/08377,10,2
NO/14365/39057,21,2
NO/14518/08589,4,2
NO/15070/38540,4,2
NO/15307/40288,24,2
NO/15353/39091,6,2
NO/15565/40855,12,2
NO/15764/38734,30,2
NO/15892/39924,26,2
NO/15960/38235,8,2
NO/16149/38010,2,2
NO/16210/39303,2,2
NO/16213/09266,10,2
NO/16276/45407,16,2
NO/16307/44156,12,2
NO/16417/39100,10,2
NO/16635/08999,26,2
NO/16712/08451,18,2
NO/16792/10751,12,2
NO/16874/08588,18,2
NO/16887/09068,20,2
NO/16923/39266,43,2
NO/16997/09375,12,2
NO/17054/38745,2,2
NO/17064/39896,5,2
NO/17087/09132,10,2
NO/17168/10551,24,2
NO/17236/40434,15,2
NO/17285/41011,18,2
NO/17341/09536,16,2
NO/17386/40559,8,2
NO/17484/10306,9,2
NO/17566/09015,14,2
NO/17593/09730,15,2
NO/17663/09410,16,2
NO/17762/09117,12,2
NO/17945/09778,16,2
NO/18266/10348,28,2
NO/18350/09757,12,2
NO/18441/09907,14,2
NO/18764/10351,8,2
NO/18904/41708,0,2
NO/19134/10160,1,2
NO/19200/41441,30,2
NO/19236/34328,14,2
NO/19276/10575,6,2
NO/19321/42592,6,2
NO/19481/33485,2,2
NO/19545/17693,11,2
NO/19783/09692,5,2
NO/19980/19234,7,2
NO/20182/19538,16,2
NO/20399/18197,22,2
NO/20477/09835,1,2
NO/20588/00740,9,2
NO/20860/08189,2,2
NO/20890/10682,8,2
NO/20951/11740,12,2
NO/20988/01031,5,2
NO/21157/00918,7,2
NO/21291/08582,0,2
NO/21560/36855,7,2
NO/23631/26415,25,2
NO/24507/47677,3,2
NO/24584/47531,4,2
NO/24626/47869,4,2
NO/24768/16438,0,2
NO/25193/10496,2,2
NO/25362/48453,0,2
NO/25364/09885,12,2
NO/25436/47983,2,2
NO/25549/11155,12,2
NO/25571/17070,4,2
NO/25605/10663,2,2
NO/25671/16493,9,2
NO/25949/11210,28,2
NO/26164/12886,1,2
NO/26232/07045,7,2
NO/26542/07275,6,2
NO/26734/10079,18,2
NO/26918/10402,41,2
NO/27022/11975,20,2
NO/27352/19083,9,2
NO/27423/19722,10,2
NO/27908/06777,12,2
NO/27929/18279,4,2
NO/28017/11198,6,2
NO/28034/32905,1,2
NO/28140/10747,20,2
NO/28291/34106,2,2
NO/28387/10540,24,2
NO/28454/06297,2,2
NO/28490/10302,15,2
NO/28589/10777,34,2
NO/29571/26839,20,2
NO/29889/08058,6,2
NO/30090/26735,35,2
NO/30298/53828,9,2
NO/30342/08171,28,2
NO/30648/29134,7,2
NO/30874/54894,13,2
NO/32407/42668,9,2
NO/32538/43264,14,2
NO/32631/43587,8,2
NO/32658/43045,18,2
NO/32898/06960,22,2
NO/33087/29745,2,2
NO/33131/36354,18,2
NO/33334/35977,21,2
NO/33826/02866,2,2
NO/33863/15048,11,2
NO/34046/15231,10,2
NO/34357/03472,10,2
NO/34503/32006,11,2
NO/34533/19515,11,2
NO/34624/12567,12,2
NO/34638/03361,7,2
NO/35121/18563,11,2
NO/35141/32696,7,2
NO/35263/36573,6,2
NO/36295/38024,4,2
NO/36323/13360,14,2
NO/36513/56218,10,2
NO/36563/58496,17,2
NO/36580/24906,1,2
NO/36628/37747,3,2
NO/36651/13675,6,2
NO/37212/38405,8,2
NO/37266/38923,6,2
NO/37268/05187,7,2
NO/37331/38167,11,2
NO/37405/96615,6,2
NO/37416/35056,10,2
NO/37778/25358,5,2
NO/37806/25067,0,2
NO/37868/58932,3,2
NO/38319/43378,6,2
NO/38320/22333,14,2
NO/38324/24752,18,2
NO/38642/23008,4,2
NO/38675/59179,10,2
NO/38774/42787,5,2
NO/39066/25732,10,2
NO/39089/24349,15,2
NO/39146/23819,9,2
NO/39193/25509,7,2
NO/39434/50592,3,2
NO/39518/50343,5,2
NO/39740/24815,8,2
NO/39868/25578,0,2
NO/39955/57436,18,2
NO/40178/60415,1,2
NO/40382/57975,14,2
NO/40382/59452,5,2
NO/40519/25368,13,2
NO/40789/58793,8,2
NO/40915/18415,21,2
NO/41207/57357,14,2
NO/41741/37340,22,2
NO/41907/19772,33,2
NO/42334/59910,1,2
NO/42438/27251,3,2
NO/42512/59387,8,2
NO/42549/58247,6,2
NO/42676/27787,7,2
NO/43098/21048,3,2
NO/43210/50239,5,2
NO/43214/26274,4,2
NO/43335/27135,7,2
NO/44237/43874,0,2
NO/44352/43316,6,2
NO/44549/43787,9,2
NO/44662/44061,8,2
NO/44669/25338,2,2
NO/44705/45809,7,2
NO/44829/19455,3,2
NO/44899/45492,6,2
NO/47103/37966,9,2
NO/47640/34978,12,2
NO/47751/36885,15,2
NO/47936/37246,3,2
NO/47947/35250,10,2
NO/47973/35713,13,2
NO/48035/37604,24,2
NO/48298/43264,3,2
NO/48665/36318,20,2
NO/48719/35617,11,2
NO/50183/52218,9,2
NO/50567/42965,7,2
NO/50579/34783,11,2
NO/51057/42997,7,2
NO/51066/34462,33,2
NO/51390/33676,20,2
NO/51406/34837,1,2
NO/51612/34643,7,2
NO/51658/41975,7,2
NO/51689/05035,0,2
NO/51974/57867,12,2
NO/52538/35778,2,2
NO/53543/07277,12,2
NO/54599/13623,10,2
NO/54858/46536,19,2
NO/55072/56989,2,2
NO/55267/47265,23,2
NO/55623/56604,7,2
NO/56717/64840,10,2
NO/56966/58315,8,2
NO/57027/07607,8,2
NO/57046/57876,4,2
NO/57411/57606,1,2
NO/57777/57821,12,2
NO/58065/59783,8,2
NO/58139/65454,4,2
NO/58152/64612,21,2
NO/58167/65086,4,2
NO/58264/67205,4,2
NO/58459/59483,4,2
NO/58493/68627,13,2
NO/58583/65253,12,2
NO/58658/60360,9,2
NO/58662/59159,1,2
NO/58704/58503,8,2
NO/58821/59344,8,2
NO/59019/66665,11,2
NO/59021/59338,9,2
NO/59197/59118,14,2
NO/59338/07880,20,2
NO/59590/73607,2,2
NO/59605/42777,15,2
NO/59684/58909,4,2
NO/59755/42406,17,2
NO/59834/59248,2,2
NO/59972/58984,4,2
NO/59993/07999,43,2
NO/60077/66858,0,2
NO/60230/73082,4,2
NO/60309/66657,9,2
NO/60404/73230,2,2
NO/60406/66405,13,2
NO/60489/73755,8,2
NO/60633/73885,14,2
NO/60685/41290,10,2
NO/60856/73566,5,2
NO/60955/66248,2,2
NO/61098/74017,6,2
NO/61213/74704,10,2
NO/61254/73619,10,2
NO/61302/68059,9,2
NO/61373/73314,16,2
NO/61383/74304,14,2
NO/61391/73817,4,2
NO/61477/66611,9,2
NO/61497/93090,6,2
NO/61510/66225,18,2
NO/61657/67776,12,2
NO/61682/54878,19,2
NO/61790/53939,3,2
NO/61843/74492,10,2
NO/61852/70063,14,2
NO/62268/75209,4,2
NO/62508/53596,6,2
NO/62743/68979,17,2
NO/62772/75757,2,2
NO/62863/74329,4,2
NO/63006/74988,12,2
NO/63079/75955,2,2
NO/63109/75535,14,2
NO/63165/71710,21,2
NO/63249/74427,4,2
NO/63253/71078,18,2
NO/63490/69253,9,2
NO/63532/68587,6,2
NO/63838/68486,22,2
NO/64130/68369,17,2
NO/64226/51989,48,2
NO/64267/75127,2,2
NO/64350/76045,4,2
NO/64363/74135,11,2
NO/64392/68995,24,2
NO/64397/61318,2,2
NO/64502/75027,16,2
NO/64571/73962,6,2
NO/64683/86370,1,2
NO/64717/73915,4,2
NO/64752/76225,14,2
NO/65070/76726,3,2
NO/65084/51732,12,2
NO/65143/74564,22,2
NO/65153/91472,13,2
NO/65734/77348,7,2
NO/65866/88694,0,2
NO/66769/69078,29,2
NO/68848/56272,14,2
NO/68908/55850,25,2
NO/71010/74122,7,2
NO/71050/70437,9,2
NO/71089/64421,26,2
NO/71293/63338,6,2
NO/71294/73827,8,2
NO/71349/69892,20,2
NO/71473/69267,18,2
NO/71907/64510,6,2
NO/72339/64405,16,2
NO/72878/73536,8,2
NO/72901/62946,18,2
NO/73040/63482,0,2
NO/73116/73524,3,2
NO/73384/91287,5,2
NO/73465/96357,12,2
NO/73466/67210,12,2
NO/73599/95675,3,2
NO/73638/67616,7,2
NO/73693/95910,5,2
NO/73809/91650,10,2
NO/74026/79979,14,2
NO/74116/91596,4,2
NO/74123/67706,5,2
NO/74141/75962,8,2
NO/74228/95834,4,2
NO/74821/67853,10,2
NO/75322/92860,13,2
NO/75387/92527,6,2
NO/75447/65751,12,2
NO/75668/80605,8,2
NO/75718/74648,2,2
NO/75808/92527,6,2
NO/75979/77792,14,2
NO/78609/95165,5,2
NO/79138/84756,7,2
NO/79950/76208,1,2
NO/80052/69455,30,2
NO/80503/85911,12,2
NO/80704/85092,6,2
NO/80848/68691,5,2
NO/81193/85380,8,2
NO/81252/85816,10,2
NO/81564/84366,6,2
NO/82002/85219,16,2
NO/82584/81841,9,2
NO/82731/81527,8,2
NO/82736/85833,8,2
NO/82833/74396,0,2
NO/83151/85415,10,2
NO/83188/85774,10,2
NO/83233/74393,0,2
NO/83475/73811,21,2
NO/83523/85928,22,2
NO/83569/85056,6,2
NO/83651/86108,2,2
NO/83866/99843,2,2
NO/83909/86184,22,2
NO/83910/99567,6,2
NO/84082/84214,9,2
NO/86558/80311,6,2
NO/87027/90677,2,2
NO/87854/89019,6,2
NO/89939/91592,6,2
NO/91082/94540,2,2
NR/67773/38494,5,2
NS/19375/49973,11,2
NS/19705/49695,0,2
NS/20084/48706,24,2
NS/20216/49593,8,2
NS/20908/49197,3,2
NS/21433/07692,6,2
NS/21704/07755,10,2
NS/22005/08290,12,2
NS/22242/07559,8,2
NS/22268/08447,9,2
NS/22601/09414,6,2
NS/23110/03009,28,2
NS/23575/02956,18,2
NS/23700/04114,22,2
NS/23775/08527,22,2
NS/23893/02998,8,2
NS/24652/10911,28,2
NS/24720/11247,9,2
NS/24727/11489,8,2
NS/24865/11086,2,2
NS/25813/13205,18,2
NS/25881/12579,22,2
NS/25886/12978,12,2
NS/26503/10711,12,2
NS/26519/10916,6,2
NS/26694/10738,8,2
NS/26702/10899,4,2
NS/26880/10770,4,2
NS/27098/10688,6,2
NS/27155/10910,6,2
NS/27295/10676,10,2
NS/27391/11108,8,2
NS/27625/11119,8,2
NS/28071/11362,10,2
NS/31994/16514,8,2
NS/32030/17167,2,2
NS/32450/16813,2,2
NS/33685/77433,5,2
NS/35075/31430,16,2
NS/36989/33236,10,2
NS/37288/18275,10,2
NS/38583/36574,10,2
NS/38993/35824,12,2
NS/39000/36123,6,2
NS/39035/36501,10,2
NS/39458/17511,8,2
NS/39487/36179,18,2
NS/41165/24036,6,2
NS/43477/33908,5,2
NS/46686/35597,6,2
NS/46851/35331,7,2
NS/47605/35955,7,2
NS/56570/72561,5,2
NS/60269/71648,5,2
NS/61961/73082,11,2
NS/62015/73420,5,2
NS/65971/75685,3,2
NS/66115/75059,17,2
NS/66600/75688,8,2
NS/69008/99505,21,2
NS/73741/67337,6,2
NS/79849/86054,5,2
NS/80459/87169,5,2
NS/80520/86019,6,2
NS/81001/89234,4,2
NS/81291/89504,3,2
NS/84260/86140,5,2
NS/84486/89832,64,2
NS/85004/88698,40,2
NS/85561/90434,21,2
NS/85616/88415,13,2
NS/85677/90345,10,2
NS/87728/45317,0,2
NS/89452/44410,8,2
NS/91680/80271,11,2
NS/92474/88715,6,2
NS/92650/89381,25,2
NS/94044/46380,2,2
NS/94308/46471,6,2
NS/94420/46376,6,2
NS/94603/46524,2,2
NS/95744/80029,1,2
NS/96084/79526,36,2
NS/96393/73246,12,2
NS/96658/80557,10,2
NS/97852/42526,20,2
NS/98257/43965,8,2
NS/98455/87556,14,2
NS/98777/87768,17,2
NS/99157/87547,7,2
NS/99202/79555,6,2
NS/99523/79664,22,2
NS/99769/87424,16,2
NT/00569/78922,36,2
NT/00754/78783,20,2
NT/01065/79038,19,2
NT/01074/78280,8,2
NT/01153/78717,16,2
NT/01266/80559,8,2
NT/01564/40028,4,2
NT/01601/80441,12,2
NT/01888/40243,6,2
NT/03200/85795,28,2
NT/05385/84700,22,2
NT/05780/85088,16,2
NT/07337/98065,5,2
NT/07960/86223,6,2
NT/08584/86594,9,2
NT/08763/99649,2,2
NT/11872/68284,11,2
NT/12405/68883,19,2
NT/12750/99352,4,2
NT/13332/89252,12,2
NT/13924/72266,8,2
NT/14242/71427,25,2
NT/14507/71784,16,2
NT/16628/43336,9,2
NT/17583/73957,12,2
NT/18916/88209,6,2
NT/21599/93000,20,2
NT/21922/93294,11,2
NT/22323/93459,13,2
NT/22398/98090,6,2
NT/27441/59670,5,2
NT/28285/59741,2,2
NT/29306/61067,5,2
NT/29797/62882,8,2
NT/30700/70439,4,2
NT/31589/70144,26,2
NT/31968/70504,3,2
NT/35171/65377,8,2
NT/38134/56084,28,2
NT/38840/55796,18,2
NT/38965/55360,32,2
NT/39339/55637,0,2
NT/39913/68338,0,2
NT/44747/76767,15,2
NT/44922/77034,13,2
NT/45227/77372,17,2
NT/45426/77014,17,2
NT/46316/77584,23,2
NT/46515/77563,1,2
NT/46925/77684,11,2
NT/49845/72494,1,2
NT/49904/26108,7,2
NT/50124/77378,4,2
NT/50382/26550,8,2
NT/50443/72781,9,2
NT/52051/82450,16,2
NT/52361/72060,10,2
NT/52655/30028,2,2
NT/52674/80525,0,2
NT/52689/80948,12,2
NT/52927/73522,11,2
NT/52968/82515,9,2
NT/53172/29419,16,2
NT/53234/80383,29,2
NT/53265/30423,12,2
NT/53565/29825,11,2
NT/53757/29452,14,2
NT/53885/80491,2,2
NT/54514/29944,22,2
NT/54650/30308,8,2
NT/54692/33096,3,2
NT/54953/30428,18,2
NT/55204/20623,30,2
NT/55304/20248,4,2
NT/55447/22861,24,2
NT/55545/21878,20,2
NT/55776/31841,4,2
NT/55807/21974,6,2
NT/55826/22793,2,2
NT/55928/19674,7,2
NT/56081/31732,13,2
NT/56245/80205,30,2
NT/56344/19866,3,2
NT/56393/18455,5,2
NT/56411/32981,6,2
NT/56504/21628,3,2
NT/56541/31729,26,2
NT/56568/79859,4,2
NT/56683/32401,3,2
NT/56761/25524,50,2
NT/56770/19008,4,2
NT/56972/32506,0,2
NT/57006/18983,6,2
NT/57098/31707,0,2
NT/57112/41672,8,2
NT/57138/75303,33,2
NT/57160/32321,12,2
NT/57316/26241,6,2
NT/57377/25960,12,2
NT/57542/25356,1,2
NT/57543/19637,6,2
NT/57798/21275,16,2
NT/57908/21135,0,2
NT/58086/21107,10,2
NT/58092/80227,16,2
NT/58167/25249,2,2
NT/58195/40123,26,2
NT/58216/20488,9,2
NT/58267/40712,11,2
NT/58388/21558,18,2
NT/58621/40663,10,2
NT/59275/23661,40,2
NT/59316/83778,1,2
NT/59681/45091,17,2
NT/59685/24088,0,2
NT/59756/20468,6,2
NT/59758/35580,18,2
NT/59778/34609,18,2
NT/59843/20943,5,2
NT/60190/24679,20,2
NT/60331/21347,12,2
NT/60379/24856,14,2
NT/60393/20133,11,2
NT/60412/44669,16,2
NT/60519/25011,8,2
NT/60635/34851,22,2
NT/60872/26210,18,2
NT/60929/24802,14,2
NT/61269/27981,6,2
NT/61317/45029,22,2
NT/61398/73783,5,2
NT/61405/74836,3,2
NT/61434/74652,3,2
NT/61488/27841,5,2
NT/61714/27564,9,2
NT/61982/74533,6,2
NT/62035/45345,19,2
NT/63888/74729,16,2
NT/64235/30037,30,2
NT/64254/23275,8,2
NT/64265/38104,18,2
NT/64307/29717,24,2
NT/64435/37797,16,2
NT/64448/14494,14,2
NT/64492/37262,12,2
NT/64521/75684,24,2
NT/64709/29884,22,2
NT/64710/31028,20,2
NT/64770/22899,7,2
NT/64811/74435,16,2
NT/65186/30763,8,2
NT/65347/30550,26,2
NT/65454/24255,16,2
NT/65730/23054,4,2
NT/66243/78119,6,2
NT/66334/77756,64,2
NT/66716/77659,22,2
NT/66857/76841,10,2
NT/67142/77322,6,2
NT/67445/44001,10,2
NT/67763/12587,4,2
NT/68184/77145,12,2
NT/68470/12144,2,2
NT/68713/19814,12,2
NT/68841/20139,18,2
NT/68885/76968,30,2
NT/69071/19951,18,2
NT/69279/18152,10,2
NT/69862/35956,12,2
NT/70344/76431,10,2
NT/70346/35648,9,2
NT/71903/76047,20,2
NT/72620/75977,48,2
NT/72781/13020,12,2
NT/72808/75385,4,2
NT/73007/74820,20,2
NT/73093/75202,6,2
NT/73114/12189,16,2
NT/73120/13840,12,2
NT/73230/25006,21,2
NT/73284/74160,10,2
NT/73565/13281,26,2
NT/74148/74307,10,2
NT/74373/38575,5,2
NT/74962/73920,12,2
NT/75201/47275,4,2
NT/75273/46233,11,2
NT/75675/38748,19,2
NT/75789/47789,1,2
NT/76056/39864,37,2
NT/76164/38987,1,2
NT/76413/40314,38,2
NT/76552/38555,10,2
NT/76614/39681,18,2
NT/76798/40566,7,2
NT/76958/37410,12,2
NT/77110/38268,16,2
NT/77115/39759,1,2
NT/77220/39118,15,2
NT/77311/37750,12,2
NT/77347/36363,13,2
NT/77372/36819,13,2
NT/77918/39573,15,2
NT/77946/36668,23,2
NT/78206/37460,21,2
NT/79367/44754,12,2
NT/79619/42336,12,2
NT/79810/44761,10,2
NT/80172/37146,1,2
NT/80203/67801,13,2
NT/80388/44883,18,2
NT/80544/27574,14,2
NT/80727/27310,18,2
NT/80785/27049,9,2
NT/80794/67241,16,2
NT/80866/45041,7,2
NT/80885/26899,2,2
NT/80987/26902,2,2
NT/81570/28377,14,2
NT/81664/59160,5,2
NT/81839/27380,20,2
NT/82625/64935,4,2
NT/82626/65764,14,2
NT/82629/65408,13,2
NT/82996/64549,12,2
NT/83032/65660,4,2
NT/84401/64759,17,2
NT/84442/65979,11,2
NT/84938/55001,55,2
NT/85431/55433,9,2
NT/85575/56954,0,2
NT/85687/56397,5,2
NT/85966/56451,8,2
NT/86206/56539,10,2
NT/86376/55385,8,2
NT/86899/55790,5,2
NT/88855/58493,26,2
NT/88881/59000,10,2
NX/09349/46546,12,2
NX/09953/46733,20,2
NX/09957/83731,22,2
NX/10504/83935,20,2
NX/10980/46236,10,2
NX/11380/58984,1,2
NX/11877/37134,10,2
NX/11887/37802,12,2
NX/41553/41042,14,2
NX/43041/38719,10,2
NX/46384/44189,5,2
NX/46704/44182,5,2
NX/47115/43633,9,2
NX/86579/96313,17,2
NX/86777/95923,16,2
NY/00274/71862,13,2
NY/01938/70131,9,2
NY/04394/84721,6,2
NY/04639/84775,6,2
NY/05871/87964,10,2
NY/09338/71285,3,2
NY/09605/83823,26,2
NY/09835/82777,26,2
NY/10236/81988,8,2
NY/10811/77148,6,2
NY/13387/85942,4,2
NY/13640/85296,9,2
NY/17497/73186,9,2
NY/17935/73761,12,2
NY/18013/74046,9,2
NY/27794/67185,10,2
NY/28139/67759,18,2
NY/28563/66297,3,2
NY/29074/67428,12,2
NY/29314/67784,18,2
NY/30332/70453,8,2
NY/30393/70671,10,2
NY/31017/70702,10,2
NY/31299/70522,10,2
NY/37568/73808,32,2
NY/38032/73739,18,2
NF/69453/70588,12,3
NF/72333/67630,32,3
NF/73037/66770,12,3
NF/76830/50209,4,3
NH/63068/39362,3,3
NH/68140/64013,6,3
NH/92818/55672,2,3
NJ/04435/60322,14,3
NJ/10563/64421,7,3
NJ/26757/44125,9,3
NJ/29014/65003,8,3
NJ/33978/64947,10,3
NJ/40116/56538,17,3
NJ/41684/62229,1,3
NJ/41796/61679,10,3
NJ/42895/61306,10,3
NJ/43952/11473,13,3
NJ/44731/61561,8,3
NJ/45633/12789,4,3
NJ/46229/12583,3,3
NJ/49068/53840,14,3
NJ/49101/36021,14,3
NJ/49219/54212,9,3
NJ/50226/36882,26,3
NJ/51765/26882,2,3
NJ/52835/26197,12,3
NJ/52840/25928,17,3
NJ/52882/39071,16,3
NJ/53158/38761,11,3
NJ/53224/38237,54,3
NJ/53442/27958,5,3
NJ/53758/38535,13,3
NJ/54782/66673,72,3
NJ/55262/12982,3,3
NJ/56957/12423,6,3
NJ/57544/39234,14,3
NJ/57676/39506,30,3
NJ/58243/42522,17,3
NJ/58777/41788,43,3
NJ/58955/63041,4,3
NJ/59200/18896,3,3
NJ/60703/62385,11,3
NJ/62033/12843,8,3
NJ/64668/29814,6,3
NJ/66310/35235,14,3
NJ/66469/62018,19,3
NJ/66783/14668,13,3
NJ/66803/14354,47,3
NJ/67544/14837,5,3
NJ/67620/14434,10,3
NJ/67869/15866,5,3
NJ/69181/20166,2,3
NJ/69376/33505,34,3
NJ/69564/14006,5,3
NJ/69628/13680,5,3
NJ/70162/17172,10,3
NJ/70402/15945,23,3
NJ/70881/15126,25,3
NJ/71329/16708,16,3
NJ/71704/14905,11,3
NJ/72441/53582,10,3
NJ/73545/56601,8,3
NJ/74025/21492,14,3
NJ/75577/25413,21,3
NJ/76095/24798,24,3
NJ/76108/13208,6,3
NJ/76243/13462,15,3
NJ/76339/13185,30,3
NJ/76353/13781,15,3
NJ/77890/40559,6,3
NJ/78806/18077,22,3
NJ/80714/31307,8,3
NJ/80956/18778,5,3
NJ/81164/31217,8,3
NJ/82736/53818,9,3
NJ/82769/50389,16,3
NJ/84452/47865,7,3
NJ/85345/54499,9,3
NJ/89920/51182,5,3
NJ/92535/49421,54,3
NJ/93571/42760,2,3
NJ/93712/22825,8,3
NJ/94206/23106,6,3
NJ/94277/42542,32,3
NJ/94343/23521,4,3
NJ/94495/38065,41,3
NJ/94502/22931,5,3
NJ/95018/36752,1,3
NJ/96744/39141,22,3
NJ/97456/35393,25,3
NJ/98554/37036,10,3
NJ/99816/56915,4,3
NK/00065/57668,1,3
NK/00734/57667,8,3
NK/00801/63780,10,3
NK/01041/57927,5,3
NK/01628/50469,24,3
NK/01933/36601,20,3
NK/02021/33599,15,3
NK/02088/43057,43,3
NK/04390/57540,7,3
NK/05095/61647,10,3
NK/05121/62566,2,3
NK/05465/62710,28,3
NK/05606/52352,9,3
NK/06229/43509,15,3
NK/07581/53553,5,3
NN/82761/20475,13,3
NN/90366/20503,6,3
NN/94952/13866,9,3
NO/03470/32143,11,3
NO/03642/31490,10,3
NO/04348/31770,4,3
NO/08618/00273,7,3
NO/09112/00391,3,3
NO/12137/43868,20,3
NO/13083/42509,14,3
NO/14479/38153,7,3
NO/14787/38827,46,3
NO/15593/45521,17,3
NO/15839/37818,1,3
NO/15888/45675,12,3
NO/16259/34975,15,3
NO/17083/43338,31,3
NO/17086/09921,9,3
NO/17419/39926,7,3
NO/17489/09265,4,3
NO/17702/41611,22,3
NO/18586/41516,10,3
NO/18936/33578,43,3
NO/18975/09952,12,3
NO/19183/41787,14,3
NO/19205/09341,2,3
NO/19347/40064,39,3
NO/19446/16928,4,3
NO/19509/10249,2,3
NO/19975/10226,0,3
NO/20635/19671,23,3
NO/21323/09016,14,3
NO/24505/15794,8,3
NO/25126/16219,5,3
NO/25326/10095,11,3
NO/25696/33601,17,3
NO/25981/07370,7,3
NO/26233/07318,8,3
NO/27174/12208,6,3
NO/27294/34344,18,3
NO/29423/09232,24,3
NO/29503/08357,20,3
NO/29836/07885,30,3
NO/31347/55034,11,3
NO/32950/43169,10,3
NO/33275/03268,12,3
NO/33810/03659,9,3
NO/33832/03389,20,3
NO/34090/31094,4,3
NO/34648/18362,13,3
NO/36166/50448,17,3
NO/37250/16632,2,3
NO/38158/21501,32,3
NO/38940/05911,19,3
NO/39070/59068,10,3
NO/39525/58346,6,3
NO/40831/62121,12,3
NO/43077/17598,28,3
NO/43360/26838,6,3
NO/43846/44068,6,3
NO/44145/43574,8,3
NO/44343/44100,7,3
NO/44833/44512,6,3
NO/47214/57363,9,3
NO/48287/35499,11,3
NO/51847/33845,27,3
NO/52280/34891,64,3
NO/54116/44943,11,3
NO/57241/51545,19,3
NO/57363/07772,13,3
NO/57561/64351,53,3
NO/58252/52796,23,3
NO/58996/59827,7,3
NO/59896/58756,13,3
NO/60117/73776,5,3
NO/62606/53113,21,3
NO/62878/75108,8,3
NO/63160/75320,14,3
NO/63239/53568,23,3
NO/63270/75831,29,3
NO/63771/75597,25,3
NO/63810/76224,11,3
NO/64109/76686,6,3
NO/64577/76514,9,3
NO/64771/74239,14,3
NO/65737/61519,7,3
NO/65958/61079,3,3
NO/69843/68072,17,3
NO/70183/69491,3,3
NO/70852/64013,9,3
NO/70891/55482,51,3
NO/71397/74330,19,3
NO/71957/67878,13,3
NO/72464/64827,29,3
NO/72561/64215,3,3
NO/73717/75680,8,3
NO/74218/74121,49,3
NO/74679/95755,4,3
NO/79718/84326,14,3
NO/80904/86187,16,3
NO/82287/85312,7,3
NO/82978/85626,15,3
NO/82991/75221,50,3
NO/83517/74620,20,3
NO/83544/74275,0,3
NO/84679/84411,14,3
NO/87996/88612,27,3
NS/22127/08694,10,3
NS/22160/08145,13,3
NS/22337/07222,5,3
NS/22521/07312,9,3
NS/22590/08941,10,3
NS/22598/07677,5,3
NS/22606/09228,13,3
NS/22859/08828,17,3
NS/23412/08842,10,3
NS/24623/12685,1,3
NS/24985/12511,20,3
NS/25116/10969,12,3
NS/38941/25151,18,3
NS/39342/17779,7,3
NS/39559/17610,3,3
NS/60703/73143,7,3
NS/82227/90862,41,3
NS/84979/04390,2,3
NS/85476/87728,15,3
NS/87058/90709,14,3
NS/93305/26109,9,3
NS/97584/87790,30,3
NT/00841/77995,5,3
NT/03917/79228,4,3
NT/07472/98750,10,3
NT/08649/99959,1,3
NT/18318/88221,1,3
NT/31838/95009,19,3
NT/37441/57555,8,3
NT/37740/55743,36,3
NT/38639/56394,23,3
NT/39053/55609,8,3
NT/46261/78468,22,3
NT/46671/77966,24,3
NT/52280/30208,42,3
NT/52545/82605,28,3
NT/52689/46096,1,3
NT/52799/30311,27,3
NT/53009/30034,14,3
NT/53653/30072,8,3
NT/53655/82059,24,3
NT/54192/29644,0,3
NT/54736/31193,10,3
NT/55022/30076,13,3
NT/55457/31610,6,3
NT/55512/20120,6,3
NT/55720/19904,10,3
NT/56568/19775,13,3
NT/56756/31498,21,3
NT/56773/21765,13,3
NT/56784/19244,22,3
NT/56828/31299,8,3
NT/56870/21033,5,3
NT/56985/31892,7,3
NT/57001/19711,4,3
NT/57326/73319,8,3
NT/57355/26682,17,3
NT/57409/18591,6,3
NT/57413/32455,6,3
NT/57609/18836,6,3
NT/57702/79938,7,3
NT/57756/19561,9,3
NT/57854/20199,7,3
NT/58421/21267,9,3
NT/58599/21805,14,3
NT/58698/21528,11,3
NT/58954/83660,40,3
NT/59581/35279,7,3
NT/59981/21829,15,3
NT/60519/23980,20,3
NT/60633/20799,5,3
NT/63713/30358,24,3
NT/63760/30863,23,3
NT/64440/30686,2,3
NT/64830/14770,16,3
NT/64934/31550,22,3
NT/64982/29337,21,3
NT/65520/15955,33,3
NT/69920/35534,6,3
NT/71953/76329,6,3
NT/72340/75764,10,3
NT/74643/73752,4,3
NT/76435/24431,0,3
NT/76480/38884,1,3
NT/77670/32152,17,3
NT/77786/39864,15,3
NT/78077/32183,4,3
NT/78091/49425,7,3
NT/78247/38144,21,3
NT/78446/37018,32,3
NT/80578/27863,15,3
NT/80881/28163,10,3
NT/81573/27685,14,3
NT/81641/59399,15,3
NT/81794/28582,10,3
NT/82649/28474,2,3
NT/82709/27983,6,3
NT/83040/28603,1,3
NT/85840/56726,8,3
NT/86215/56211,11,3
NT/90183/59277,19,3
NT/90602/58600,10,3
NX/09629/83300,28,3
NX/10516/83211,25,3
NY/09239/83648,15,3
NY/09265/83995,10,3
NY/28037/67466,16,3
NY/31237/70770,7,3
NY/35950/73931,24,3
NH/67179/57571,12,4
NH/72621/64872,30,4
NJ/28828/65749,21,4
NJ/41608/62608,20,4
NJ/41978/61873,12,4
NJ/42408/61709,0,4
NJ/46132/12751,8,4
NJ/46216/12410,12,4
NJ/49441/35660,22,4
NJ/56758/13057,6,4
NJ/56842/43355,26,4
NJ/57382/38425,42,4
NJ/57678/42939,18,4
NJ/58934/19642,11,4
NJ/64102/60136,24,4
NJ/67951/14926,2,4
NJ/67964/16251,32,4
NJ/69033/16155,10,4
NJ/69133/19969,2,4
NJ/69376/16792,9,4
NJ/69605/13813,1,4
NJ/79053/17365,23,4
NJ/81073/18685,8,4
NJ/84539/07537,8,4
NJ/94756/38658,45,4
NJ/96227/24161,11,4
NK/00181/63344,19,4
NN/74558/23288,27,4
NN/88176/19336,69,4
NN/90208/20097,8,4
NN/92979/12602,6,4
NN/98659/22304,0,4
NO/14331/38319,0,4
NO/15952/45253,27,4
NO/16094/39673,26,4
NO/16846/09688,14,4
NO/17859/39294,2,4
NO/18115/09843,8,4
NO/18714/41556,8,4
NO/20332/09578,14,4
NO/25283/33132,19,4
NO/26247/09922,6,4
NO/27668/10753,12,4
NO/40732/57988,13,4
NO/45187/09721,6,4
NO/47395/38900,28,4
NO/51751/05567,22,4
NO/54276/45243,15,4
NO/56248/14011,8,4
NO/60729/68766,25,4
NO/63143/72725,38,4
NO/63221/72009,26,4
NO/64042/76371,8,4
NO/71174/63309,24,4
NO/72744/63315,22,4
NO/73113/64188,49,4
NO/73913/91234,8,4
NO/74051/91399,13,4
NO/75778/75060,16,4
NO/81543/84627,28,4
NO/83274/75659,3,4
NO/83527/75127,39,4
NS/19237/49277,6,4
NS/21421/07462,18,4
NS/21969/08414,2,4
NS/22782/07576,14,4
NS/25538/12816,10,4
NS/26905/10669,6,4
NS/27114/11193,18,4
NS/27631/11450,12,4
NS/84132/90602,47,4
NS/92219/90098,16,4
NT/01781/80275,8,4
NT/11451/68514,6,4
NT/18673/88053,6,4
NT/30904/69897,16,4
NT/38396/57575,36,4
NT/39749/68448,9,4
NT/40331/68226,33,4
NT/53128/29756,8,4
NT/54077/29421,2,4
NT/55623/32042,22,4
NT/56288/20276,14,4
NT/56527/20930,6,4
NT/56527/33298,13,4
NT/56604/21225,18,4
NT/57542/26379,28,4
NT/58703/21060,20,4
NT/58975/21364,18,4
NT/59590/21525,6,4
NT/60625/24698,12,4
NT/68485/20055,26,4
NT/74063/74584,15,4
NT/81031/28482,14,4
NT/81183/28135,26,4
NT/81541/27136,24,4
NT/83029/28213,10,4
NT/85625/54864,23,4
NT/89234/59004,9,4
NT/89565/59105,21,4
NJ/53421/33278,116,5
NJ/82371/15888,45,5
NJ/93291/40247,19,5
NJ/94034/22391,16,5
NK/01186/41370,42,5
NK/05557/48858,7,5
NN/90935/20224,30,5
NN/96695/17548,29,5
NO/14965/39751,20,5
NO/15483/39369,10,5
NO/16693/09424,13,5
NO/17374/41606,16,5
NO/17722/39604,12,5
NO/27272/09706,46,5
NO/27531/06692,38,5
NO/63060/51030,38,5
NO/64244/76512,10,5
NO/64787/74481,7,5
NO/65002/52553,79,5
NO/71191/63707,44,5
NO/71870/64018,31,5
NO/72317/63514,16,5
NS/23060/08342,5,5
NS/37414/35587,21,5
NT/01672/80711,20,5
NT/11893/68577,5,5
NT/27945/98035,33,5
NT/31150/95456,32,5
NT/45926/78236,23,5
NT/56650/19517,12,5
NT/57227/19282,18,5
NT/59765/21981,23,5
NT/64601/30195,16,5
NT/64807/30712,12,5
NT/76663/24674,42,5
NT/81699/27514,14,5
NX/10443/47321,23,5
NJ/49467/36057,27,6
NJ/54688/33432,30,6
NJ/95751/24201,20,6
NK/05675/62011,60,6
NK/05751/43605,16,6
NN/97978/22382,19,6
NO/17960/39002,12,6
NO/18843/40305,14,6
NO/20379/20372,59,6
NS/21791/08115,8,6
NT/52377/29153,26,6
NT/55694/31480,26,6
NT/58570/20434,48,6
NT/59349/21701,21,6
NT/63969/38438,30,6
NT/76959/24462,36,6
NT/81707/28143,16,6
NT/88422/59215,2,6
NY/09581/83502,11,6
NJ/09994/64217,39,7
NJ/68671/16002,64,7
NK/06746/42930,44,7
NO/27187/18828,20,7
NO/36006/17371,27,7
NO/71711/64858,116,7
NT/53127/29160,12,7
NT/54581/29584,14,7
NT/57162/25236,14,7
NT/60265/34888,22,7
NX/09613/46589,20,7
NJ/41830/62863,30,8
NO/18492/39451,52,8
NT/63930/29880,24,8
NN/98832/22507,51,9
NT/54077/29972,32,9
NT/76213/24154,2,13
NT/00969/78462,4,15
Grand Total,22415,4373
